"","V1","V2","V3","V4"
"popMat",0,762,1,0
"",0.651098016091318,761,2,0
"",0.707718783029406,760,3,0
"",0.931835445570822,759,4,0
"",0.944971904179592,758,5,0
"",1.32953647196746,757,6,0
"",1.37918299002156,756,7,0
"",1.41168259951911,755,8,0
"",1.55367549198103,755,7,1
"",1.60492768739846,755,6,2
"",1.64817846418615,754,7,2
"",1.80445433841714,753,8,2
"",1.81650098418129,752,9,2
"",2.03419348826321,751,10,2
"",2.05246202572483,750,11,2
"",2.07208899305743,749,12,2
"",2.15884867531773,748,13,2
"",2.20627035114119,747,14,2
"",2.23819939869256,746,15,2
"",2.24433444488295,745,16,2
"",2.26863254972007,744,17,2
"",2.28068739610408,743,18,2
"",2.28373253193101,742,19,2
"",2.29142259787667,741,20,2
"",2.36200001444323,740,21,2
"",2.36371392941315,739,22,2
"",2.37794200029818,738,23,2
"",2.40322647116546,737,24,2
"",2.4337127150732,736,25,2
"",2.44150436982319,735,26,2
"",2.45908942986744,734,27,2
"",2.4695851198497,733,28,2
"",2.49972757664862,732,29,2
"",2.51893920498737,731,30,2
"",2.56130197987912,730,31,2
"",2.56341074456822,730,30,3
"",2.58213840822929,730,29,4
"",2.59634396659667,730,28,5
"",2.61602607725401,729,29,5
"",2.62173918668343,728,30,5
"",2.62545129079322,728,29,6
"",2.64086132086119,728,28,7
"",2.6510013798536,727,29,7
"",2.65554199855828,726,30,7
"",2.69764563641955,725,31,7
"",2.73625271375395,725,30,8
"",2.74005511873135,724,31,8
"",2.7598935690962,723,32,8
"",2.76077171491562,723,31,9
"",2.78205578164495,722,32,9
"",2.78914044567414,722,31,10
"",2.789442542221,721,32,10
"",2.79463726029873,721,31,11
"",2.80415482386937,720,32,11
"",2.81268332004647,720,31,12
"",2.83909854265539,720,30,13
"",2.84570044985143,719,31,13
"",2.85307691501221,718,32,13
"",2.85618840789695,718,31,14
"",2.85727014641545,717,32,14
"",2.86094938580961,716,33,14
"",2.86590456992994,715,34,14
"",2.86905256189801,714,35,14
"",2.90661110503857,713,36,14
"",2.91635198238843,712,37,14
"",2.91945938721723,711,38,14
"",2.92215329877464,710,39,14
"",3.00238225544192,709,40,14
"",3.01160461427452,709,39,15
"",3.02730772434383,709,38,16
"",3.03513207778082,708,39,16
"",3.04444062053337,708,38,17
"",3.04922558417257,707,39,17
"",3.075278607457,706,40,17
"",3.08625623297799,705,41,17
"",3.09486504813468,704,42,17
"",3.10193239187775,704,41,18
"",3.10634356074102,703,42,18
"",3.13511607490405,702,43,18
"",3.14579003349463,702,42,19
"",3.15112112047331,701,43,19
"",3.18106325880876,701,42,20
"",3.1834981949914,701,41,21
"",3.19479210544869,700,42,21
"",3.20275689757819,699,43,21
"",3.21804508091339,699,42,22
"",3.25814691844145,698,43,22
"",3.26097562947647,697,44,22
"",3.27330127845234,696,45,22
"",3.27356311829658,696,44,23
"",3.28273503778279,696,43,24
"",3.28959184436884,695,44,24
"",3.29148630286304,694,45,24
"",3.30413597011811,693,46,24
"",3.30470756507753,692,47,24
"",3.33005233338508,691,48,24
"",3.34026297996585,691,47,25
"",3.34715769259617,690,48,25
"",3.34726496250196,689,49,25
"",3.36676108101107,688,50,25
"",3.36969597563871,687,51,25
"",3.37112853483632,687,50,26
"",3.38396970316318,686,51,26
"",3.38629136440182,685,52,26
"",3.400404061493,684,53,26
"",3.40458922621209,683,54,26
"",3.40690866009409,683,53,27
"",3.44005839120864,682,54,27
"",3.44416531685963,681,55,27
"",3.45006350648327,680,56,27
"",3.46074395541663,679,57,27
"",3.4753328787057,678,58,27
"",3.48495598324074,677,59,27
"",3.5064163974212,676,60,27
"",3.50778641856269,675,61,27
"",3.50981419225764,674,62,27
"",3.51444216854537,674,61,28
"",3.52260186310742,673,62,28
"",3.52429265007192,673,61,29
"",3.5284222484586,672,62,29
"",3.56786733371173,671,63,29
"",3.58622712468143,671,62,30
"",3.59394022114247,671,61,31
"",3.62471222066819,670,62,31
"",3.63080802069862,669,63,31
"",3.63157947127535,669,62,32
"",3.64777000432883,668,63,32
"",3.65260066664734,667,64,32
"",3.66353545550924,666,65,32
"",3.67155509722458,666,64,33
"",3.67349323821727,665,65,33
"",3.6964411790679,665,64,34
"",3.70632254509433,665,63,35
"",3.71438628123487,664,64,35
"",3.72526657839071,663,65,35
"",3.72623196400497,662,66,35
"",3.73790592213793,661,67,35
"",3.74291392590908,660,68,35
"",3.74752573609548,659,69,35
"",3.74911746868098,658,70,35
"",3.76146149740646,657,71,35
"",3.76710039175258,656,72,35
"",3.77087557966513,656,71,36
"",3.77149574925819,655,72,36
"",3.78390956404132,654,73,36
"",3.78998048931323,653,74,36
"",3.79089825750691,652,75,36
"",3.79296357221337,651,76,36
"",3.79793579793476,651,75,37
"",3.79975785094504,651,74,38
"",3.81147749980752,650,75,38
"",3.81194268700003,650,74,39
"",3.81406780636569,649,75,39
"",3.81567384723474,648,76,39
"",3.82826345212203,648,75,40
"",3.8294524405262,647,76,40
"",3.8417850481059,646,77,40
"",3.85622261144926,646,76,41
"",3.85904466435292,645,77,41
"",3.85964591917591,644,78,41
"",3.8609326949441,643,79,41
"",3.87791852726181,643,78,42
"",3.87987007853393,642,79,42
"",3.8859490379111,641,80,42
"",3.89075879401788,641,79,43
"",3.89092789207441,640,80,43
"",3.8965168382827,639,81,43
"",3.90945743177174,638,82,43
"",3.91000566492793,637,83,43
"",3.91183673387948,636,84,43
"",3.93445167631479,635,85,43
"",3.93781359159375,634,86,43
"",3.9405871800848,633,87,43
"",3.94791520685296,632,88,43
"",3.94995295147389,632,87,44
"",3.95513617779345,632,86,45
"",3.95771847327409,631,87,45
"",3.96084764453807,630,88,45
"",3.96126489399729,629,89,45
"",3.96236729476283,628,90,45
"",3.98431514889726,627,91,45
"",3.9874503758746,626,92,45
"",3.99939139113583,625,93,45
"",4.00324394704559,625,92,46
"",4.00963334248483,624,93,46
"",4.01846591333993,623,94,46
"",4.02446131063786,622,95,46
"",4.02615240468339,621,96,46
"",4.03071715845733,621,95,47
"",4.03434429514143,620,96,47
"",4.03637494786259,620,95,48
"",4.05030830476042,620,94,49
"",4.05426259701211,619,95,49
"",4.05930821108785,618,96,49
"",4.06221976227486,617,97,49
"",4.07468344280364,616,98,49
"",4.10968372336861,615,99,49
"",4.11171988689441,614,100,49
"",4.11934547149247,613,101,49
"",4.12904552793231,612,102,49
"",4.15073886807644,611,103,49
"",4.15090797292881,610,104,49
"",4.15181299508386,610,103,50
"",4.15355374416544,609,104,50
"",4.16647000687342,608,105,50
"",4.16754853267794,608,104,51
"",4.17251089949294,607,105,51
"",4.17540200375221,606,106,51
"",4.1777137340061,605,107,51
"",4.18422968173519,604,108,51
"",4.19092605245576,603,109,51
"",4.19215624215251,602,110,51
"",4.19346326941241,601,111,51
"",4.19359388628571,600,112,51
"",4.19734756020687,599,113,51
"",4.20019059972234,599,112,52
"",4.20637266427981,598,113,52
"",4.21121546976653,598,112,53
"",4.2112239541444,597,113,53
"",4.2151070437706,597,112,54
"",4.2157702537472,596,113,54
"",4.22196624919217,595,114,54
"",4.22201023973204,594,115,54
"",4.22742624603953,593,116,54
"",4.23014256229664,592,117,54
"",4.23168310421814,591,118,54
"",4.23381800395721,590,119,54
"",4.2372228694195,589,120,54
"",4.2379761963147,588,121,54
"",4.24153331137159,588,120,55
"",4.24611242587653,587,121,55
"",4.24676408141034,587,120,56
"",4.24949408571789,586,121,56
"",4.25320188036166,585,122,56
"",4.26059470641373,585,121,57
"",4.26934595760255,585,120,58
"",4.27101320713611,585,119,59
"",4.27378708320824,584,120,59
"",4.28456593163451,583,121,59
"",4.28705010190919,582,122,59
"",4.28962748777057,581,123,59
"",4.29736883879194,580,124,59
"",4.30068145609152,579,125,59
"",4.31520837368027,578,126,59
"",4.32033961793808,577,127,59
"",4.32136281947591,576,128,59
"",4.3231191302567,575,129,59
"",4.32716134045966,574,130,59
"",4.32995491653838,573,131,59
"",4.33527031292219,572,132,59
"",4.33979888499644,571,133,59
"",4.34038742257681,571,132,60
"",4.34959465983064,570,133,60
"",4.35651339616798,569,134,60
"",4.36010706448982,568,135,60
"",4.36369404667833,567,136,60
"",4.3679240311312,567,135,61
"",4.36823864261067,566,136,61
"",4.37302727321656,565,137,61
"",4.37367701191445,565,136,62
"",4.37403726761615,564,137,62
"",4.38102415201565,563,138,62
"",4.38281313868742,562,139,62
"",4.38352325541988,561,140,62
"",4.38847571768767,561,139,63
"",4.38918265790245,561,138,64
"",4.39010076809665,560,139,64
"",4.39980119968369,559,140,64
"",4.40381690904763,559,139,65
"",4.40959908195897,559,138,66
"",4.41169969945968,559,137,67
"",4.41427918679747,559,136,68
"",4.41639934795424,559,135,69
"",4.41790908548774,559,134,70
"",4.43070227871799,558,135,70
"",4.43980285721918,557,136,70
"",4.44071134373063,557,135,71
"",4.44335199225092,556,136,71
"",4.44667443002365,555,137,71
"",4.4473677438156,555,136,72
"",4.44761266452841,554,137,72
"",4.44803295647715,554,136,73
"",4.45096588813893,554,135,74
"",4.4516292425875,553,136,74
"",4.4575876670886,552,137,74
"",4.46878322124948,551,138,74
"",4.47019388265091,550,139,74
"",4.48511913893471,549,140,74
"",4.48610517438061,549,139,75
"",4.48631765184266,548,140,75
"",4.48848237168573,547,141,75
"",4.49060125887355,546,142,75
"",4.49086174630146,545,143,75
"",4.49247024405803,545,142,76
"",4.49411336954742,544,143,76
"",4.5029406274866,544,142,77
"",4.50348459152906,543,143,77
"",4.50668952733731,542,144,77
"",4.512410305076,541,145,77
"",4.51772060080509,540,146,77
"",4.52499297107219,539,147,77
"",4.5257284342905,539,146,78
"",4.53163898681447,538,147,78
"",4.53253006144816,538,146,79
"",4.53751960699924,537,147,79
"",4.53840840602135,536,148,79
"",4.54039432299368,535,149,79
"",4.54261412739048,534,150,79
"",4.54392859505043,534,149,80
"",4.54555253510602,533,150,80
"",4.54870021103621,533,149,81
"",4.55696180952246,532,150,81
"",4.55776396395172,531,151,81
"",4.55905809261966,530,152,81
"",4.56181436560251,530,151,82
"",4.56782734931162,530,150,83
"",4.56956092903642,529,151,83
"",4.57345474771122,528,152,83
"",4.57653641861188,527,153,83
"",4.57864581181176,527,152,84
"",4.58883786665211,526,153,84
"",4.59142786680654,525,154,84
"",4.59202405805661,524,155,84
"",4.59919400515674,524,154,85
"",4.60194444666472,524,153,86
"",4.6035340423076,523,154,86
"",4.60539867998336,522,155,86
"",4.60619117787929,521,156,86
"",4.61030248127108,520,157,86
"",4.6130377370682,520,156,87
"",4.61613013234614,519,157,87
"",4.62708514916352,519,156,88
"",4.63571405889375,518,157,88
"",4.63762276256597,517,158,88
"",4.63815317779275,516,159,88
"",4.63995232552158,515,160,88
"",4.64149964032681,514,161,88
"",4.64486450864688,514,160,89
"",4.64693272347075,513,161,89
"",4.64937757925735,512,162,89
"",4.66525829993864,511,163,89
"",4.66714011967979,511,162,90
"",4.67161516714146,510,163,90
"",4.67201129424115,509,164,90
"",4.67437548701763,508,165,90
"",4.67784048793645,507,166,90
"",4.67803471135182,506,167,90
"",4.67918530706624,506,166,91
"",4.67920854657429,506,165,92
"",4.68197428280474,505,166,92
"",4.6823008566915,504,167,92
"",4.68433766890889,503,168,92
"",4.68660852834797,502,169,92
"",4.68990444168863,501,170,92
"",4.6949615745935,501,169,93
"",4.69952619765579,500,170,93
"",4.70693911831752,499,171,93
"",4.70764850950669,498,172,93
"",4.70769495628352,497,173,93
"",4.71412420857731,497,172,94
"",4.71691621859416,497,171,95
"",4.71812126557565,497,170,96
"",4.71968756120762,496,171,96
"",4.72321114603582,495,172,96
"",4.72554944543175,494,173,96
"",4.72959110362751,493,174,96
"",4.73644640387665,492,175,96
"",4.73674218950156,491,176,96
"",4.73760233722863,490,177,96
"",4.73891992086965,489,178,96
"",4.74713381776574,489,177,97
"",4.74985341675482,488,178,97
"",4.75166538594041,488,177,98
"",4.76330247079192,487,178,98
"",4.771438984555,486,179,98
"",4.77419509247614,485,180,98
"",4.77904872272736,484,181,98
"",4.78037001734557,483,182,98
"",4.7822286302077,482,183,98
"",4.78525332679734,481,184,98
"",4.78666605050996,480,185,98
"",4.78964121517733,479,186,98
"",4.79242323514761,478,187,98
"",4.79246062322101,478,186,99
"",4.80137280865973,478,185,100
"",4.80737641915757,477,186,100
"",4.81541322350921,476,187,100
"",4.82589202232734,475,188,100
"",4.83170964710803,475,187,101
"",4.83324152224148,474,188,101
"",4.8475936422982,473,189,101
"",4.8530774599026,473,188,102
"",4.85533061680179,472,189,102
"",4.85602166685794,471,190,102
"",4.85699671189557,470,191,102
"",4.8587650428401,470,190,103
"",4.85947476120878,470,189,104
"",4.86020652814358,469,190,104
"",4.86038590884585,469,189,105
"",4.86365255636061,468,190,105
"",4.86469063004336,468,189,106
"",4.8677349494211,468,188,107
"",4.86941393616187,468,187,108
"",4.88047160567643,468,186,109
"",4.8807241972062,467,187,109
"",4.88452932725939,466,188,109
"",4.8848233088041,465,189,109
"",4.88559496020358,464,190,109
"",4.88694016282157,463,191,109
"",4.89264429551766,462,192,109
"",4.89384245185481,461,193,109
"",4.89825041335235,460,194,109
"",4.89892302480473,459,195,109
"",4.90173191890403,459,194,110
"",4.90369587795248,458,195,110
"",4.90943474816721,458,194,111
"",4.91240433243302,457,195,111
"",4.91315057315079,456,196,111
"",4.91446867044874,455,197,111
"",4.91544251798151,454,198,111
"",4.91932616044571,453,199,111
"",4.92004131862697,452,200,111
"",4.92060254066826,451,201,111
"",4.92573178080642,451,200,112
"",4.92618332165468,451,199,113
"",4.9268940158359,450,200,113
"",4.92861744308418,449,201,113
"",4.93126301224463,448,202,113
"",4.93290746865595,447,203,113
"",4.9360531499042,447,202,114
"",4.94793559720566,447,201,115
"",4.95858639424089,447,200,116
"",4.95943821650715,446,201,116
"",4.96837841601771,445,202,116
"",4.96871032265568,444,203,116
"",4.96971917476074,443,204,116
"",4.97506303083909,443,203,117
"",4.97591676032191,442,204,117
"",4.97701734299581,441,205,117
"",4.98032305697627,441,204,118
"",4.98156024747097,441,203,119
"",4.98199932944188,441,202,120
"",4.99427096575939,440,203,120
"",4.99854980933985,439,204,120
"",5.00612951452423,439,203,121
"",5.00625629645217,438,204,121
"",5.01794151173528,437,205,121
"",5.01826225687191,437,204,122
"",5.02034948561016,437,203,123
"",5.02245675079869,436,204,123
"",5.02527333208501,436,203,124
"",5.034123135156,436,202,125
"",5.04013068276981,436,201,126
"",5.04290728975653,435,202,126
"",5.04647605373331,434,203,126
"",5.05558783906057,433,204,126
"",5.05911321634981,433,203,127
"",5.06762029333472,433,202,128
"",5.06833927597004,432,203,128
"",5.06937677109056,431,204,128
"",5.07284084336477,430,205,128
"",5.07452435323025,429,206,128
"",5.0753845949329,429,205,129
"",5.07653769044351,428,206,129
"",5.07699758887639,427,207,129
"",5.07808533546123,427,206,130
"",5.08370530067789,426,207,130
"",5.08922348649875,425,208,130
"",5.09047197004014,424,209,130
"",5.09116531189693,424,208,131
"",5.09355908703829,424,207,132
"",5.09629813851153,424,206,133
"",5.09945109247385,423,207,133
"",5.10428514212976,422,208,133
"",5.10584428026358,421,209,133
"",5.10727365525152,420,210,133
"",5.11325244400849,419,211,133
"",5.11385498996813,418,212,133
"",5.11518960696417,418,211,134
"",5.11542008055378,417,212,134
"",5.11594626686334,416,213,134
"",5.11728422559916,415,214,134
"",5.11742631038122,415,213,135
"",5.12272059436054,414,214,135
"",5.12354971243518,414,213,136
"",5.12622795203714,413,214,136
"",5.12761644065544,412,215,136
"",5.13347176878227,411,216,136
"",5.13373241700469,410,217,136
"",5.13697228670833,410,216,137
"",5.13902476365622,409,217,137
"",5.13939273711267,409,216,138
"",5.1413494673939,408,217,138
"",5.14195380616157,408,216,139
"",5.14550933483209,407,217,139
"",5.15081130308842,407,216,140
"",5.15092196839628,406,217,140
"",5.15156053176139,406,216,141
"",5.152004534985,406,215,142
"",5.16033272955281,405,216,142
"",5.16225207403389,404,217,142
"",5.17072633530342,404,216,143
"",5.17266990669718,403,217,143
"",5.17508446803516,402,218,143
"",5.17548014338228,402,217,144
"",5.18266653621232,401,218,144
"",5.18484600708855,400,219,144
"",5.18848555040953,399,220,144
"",5.18898639870236,399,219,145
"",5.1893481297762,398,220,145
"",5.19017430790567,397,221,145
"",5.19209142215997,397,220,146
"",5.19767129947004,396,221,146
"",5.19833723844582,395,222,146
"",5.20153433097453,394,223,146
"",5.2027238515938,394,222,147
"",5.20321413057671,394,221,148
"",5.21445841420808,393,222,148
"",5.21684432365314,392,223,148
"",5.21740139208297,391,224,148
"",5.22158356582301,391,223,149
"",5.22763182685153,391,222,150
"",5.23226677972878,390,223,150
"",5.23316094501057,389,224,150
"",5.24808456086449,388,225,150
"",5.25258024577856,387,226,150
"",5.25272571248092,386,227,150
"",5.2568950914232,385,228,150
"",5.26371965236432,384,229,150
"",5.26917261449147,383,230,150
"",5.26997670767997,382,231,150
"",5.27251748507437,381,232,150
"",5.27389775187288,380,233,150
"",5.27793270055425,379,234,150
"",5.28599808839138,379,233,151
"",5.28630385432727,378,234,151
"",5.28794331264991,378,233,152
"",5.2882346073209,378,232,153
"",5.2910126943151,377,233,153
"",5.2914105262046,376,234,153
"",5.29805351641567,376,233,154
"",5.30013501219515,375,234,154
"",5.3062835635387,374,235,154
"",5.30731071271214,374,234,155
"",5.31212995287371,373,235,155
"",5.31329200855082,373,234,156
"",5.31456736133018,372,235,156
"",5.31563561985338,372,234,157
"",5.31693284893029,371,235,157
"",5.32123498322592,370,236,157
"",5.32455631468267,369,237,157
"",5.3289384304686,368,238,157
"",5.33828761356049,368,237,158
"",5.3413329988204,368,236,159
"",5.34248109799544,368,235,160
"",5.34253495885935,367,236,160
"",5.34898723887961,366,237,160
"",5.3499813565227,365,238,160
"",5.35264731785385,365,237,161
"",5.35322620527834,364,238,161
"",5.35494779652886,364,237,162
"",5.35654496972831,364,236,163
"",5.3573366924848,364,235,164
"",5.35778321279972,363,236,164
"",5.36061634430416,362,237,164
"",5.36188976898134,362,236,165
"",5.37032195290148,361,237,165
"",5.37235603376328,361,236,166
"",5.37299971058284,360,237,166
"",5.37366365398371,359,238,166
"",5.37575962546749,358,239,166
"",5.3771409837287,357,240,166
"",5.37906115280746,356,241,166
"",5.39702305538507,356,240,167
"",5.39979608889499,355,241,167
"",5.40014117507505,354,242,167
"",5.40354215768832,354,241,168
"",5.40656285864815,353,242,168
"",5.40707704673563,353,241,169
"",5.40720033380068,352,242,169
"",5.41385622058727,351,243,169
"",5.41400370015418,351,242,170
"",5.41433236986752,350,243,170
"",5.41568327783805,350,242,171
"",5.41808483420432,349,243,171
"",5.42266177740784,348,244,171
"",5.42714143928812,347,245,171
"",5.42835500066653,346,246,171
"",5.42902071063452,346,245,172
"",5.43552068258904,345,246,172
"",5.43765622341614,344,247,172
"",5.44008735949338,344,246,173
"",5.44211431703231,343,247,173
"",5.44865861677955,342,248,173
"",5.46585247439421,341,249,173
"",5.47103734579514,340,250,173
"",5.47626263610097,340,249,174
"",5.47739462650371,339,250,174
"",5.49150873506303,339,249,175
"",5.49556827123409,338,250,175
"",5.50113658604828,338,249,176
"",5.50172854339206,338,248,177
"",5.51365595537799,337,249,177
"",5.52487923274972,337,248,178
"",5.52654780250686,336,249,178
"",5.5310755045206,335,250,178
"",5.53161314519637,335,249,179
"",5.53183341773658,334,250,179
"",5.5344640370407,334,249,180
"",5.54366253953882,333,250,180
"",5.54545692745161,332,251,180
"",5.54862657070911,331,252,180
"",5.54892516684009,331,251,181
"",5.55128292492222,331,250,182
"",5.55524108813385,330,251,182
"",5.55592332316016,329,252,182
"",5.55730769713737,328,253,182
"",5.558108482215,327,254,182
"",5.56512449762015,327,253,183
"",5.56758171553343,326,254,183
"",5.56771682579458,325,255,183
"",5.56804717082881,324,256,183
"",5.57688595705906,323,257,183
"",5.5788033732804,322,258,183
"",5.58135516878112,321,259,183
"",5.58141136357341,320,260,183
"",5.5915078373999,319,261,183
"",5.5922629365054,318,262,183
"",5.59384121729288,317,263,183
"",5.5954172777978,316,264,183
"",5.5992915295488,316,263,184
"",5.61242207414349,315,264,184
"",5.61428275992025,314,265,184
"",5.6167543143323,314,264,185
"",5.62260825180013,313,265,185
"",5.62383640746005,312,266,185
"",5.62983574217669,311,267,185
"",5.63140355665972,310,268,185
"",5.63419430964782,310,267,186
"",5.63969385740685,310,266,187
"",5.64214867830116,309,267,187
"",5.64697653647153,309,266,188
"",5.65247599987171,308,267,188
"",5.65633920115586,308,266,189
"",5.6564223930279,307,267,189
"",5.66501374407774,306,268,189
"",5.66722437222069,306,267,190
"",5.6716523518805,306,266,191
"",5.67347342433062,305,267,191
"",5.6775807342608,304,268,191
"",5.68071319491332,303,269,191
"",5.68143299054714,302,270,191
"",5.68699673912,301,271,191
"",5.68957366174533,300,272,191
"",5.69517398205079,300,271,192
"",5.69834092624851,299,272,192
"",5.69980241286958,298,273,192
"",5.71461218953231,297,274,192
"",5.71758543173965,296,275,192
"",5.72416586541565,296,274,193
"",5.72661227207542,295,275,193
"",5.72902692715484,295,274,194
"",5.72939658086904,295,273,195
"",5.72977393846526,294,274,195
"",5.7316747584353,294,273,196
"",5.73418314911812,294,272,197
"",5.73443434229896,293,273,197
"",5.73585599627364,292,274,197
"",5.7383458044495,291,275,197
"",5.73954672403269,290,276,197
"",5.74077831603624,289,277,197
"",5.742694557712,288,278,197
"",5.74871527274223,288,277,198
"",5.75135674410908,287,278,198
"",5.75405873332375,286,279,198
"",5.75716689916903,285,280,198
"",5.75804678751979,285,279,199
"",5.75999584081621,285,278,200
"",5.76494685049019,284,279,200
"",5.76805355690874,284,278,201
"",5.77166157074007,283,279,201
"",5.77728428278225,282,280,201
"",5.78880340220271,282,279,202
"",5.79265934487515,282,278,203
"",5.79304744364995,281,279,203
"",5.79323334779785,281,278,204
"",5.79542713681627,281,277,205
"",5.79863608453117,281,276,206
"",5.80138876603662,281,275,207
"",5.80341013006346,280,276,207
"",5.80889197762555,279,277,207
"",5.80923344782892,279,276,208
"",5.81378230959476,278,277,208
"",5.81641484105942,278,276,209
"",5.82074491533753,277,277,209
"",5.82128724289612,277,276,210
"",5.82218901194814,276,277,210
"",5.82495943036477,275,278,210
"",5.8254547668839,275,277,211
"",5.8264445794461,275,276,212
"",5.83070540101374,274,277,212
"",5.83579271606859,274,276,213
"",5.84024434955309,274,275,214
"",5.84331587219727,274,274,215
"",5.84426283929044,274,273,216
"",5.84479444474538,273,274,216
"",5.84755364601307,273,273,217
"",5.84912277574306,272,274,217
"",5.85138279558514,272,273,218
"",5.85170473281665,271,274,218
"",5.85314477710989,270,275,218
"",5.86073379324636,269,276,218
"",5.86136402862089,268,277,218
"",5.86424650955059,267,278,218
"",5.86487919978653,267,277,219
"",5.86502487126486,267,276,220
"",5.87048633334336,266,277,220
"",5.87145442744071,265,278,220
"",5.8734430723858,265,277,221
"",5.87706986608188,265,276,222
"",5.88169893419324,264,277,222
"",5.88286149508574,263,278,222
"",5.88421014754456,263,277,223
"",5.88938563383111,263,276,224
"",5.89340588093354,262,277,224
"",5.89622562576058,261,278,224
"",5.90381764762706,260,279,224
"",5.91177443108479,259,280,224
"",5.91769402518165,259,279,225
"",5.91946911948317,258,280,225
"",5.91982642009733,257,281,225
"",5.92021342605612,256,282,225
"",5.92236126196321,255,283,225
"",5.92258321020966,255,282,226
"",5.92979996646455,254,283,226
"",5.93043488974409,253,284,226
"",5.93399203236245,252,285,226
"",5.9383393170095,252,284,227
"",5.940766096079,251,285,227
"",5.94647004521753,251,284,228
"",5.951847599126,251,283,229
"",5.95255976918105,251,282,230
"",5.95341845041178,250,283,230
"",5.95616670315857,250,282,231
"",5.97000529283805,250,281,232
"",5.97377041651301,250,280,233
"",5.97800909470141,250,279,234
"",5.97831352051068,249,280,234
"",5.97903769479445,249,279,235
"",5.98362036732933,248,280,235
"",5.98372834060491,247,281,235
"",5.99178763365837,246,282,235
"",5.99351903731191,245,283,235
"",5.9944927690051,244,284,235
"",5.99515100213188,244,283,236
"",6.00215558543975,244,282,237
"",6.00276769695154,243,283,237
"",6.00541720002964,242,284,237
"",6.00709012272072,242,283,238
"",6.00808395740453,242,282,239
"",6.01014132550586,241,283,239
"",6.0145360291926,241,282,240
"",6.01492218552754,240,283,240
"",6.01910010809429,239,284,240
"",6.02149692537874,238,285,240
"",6.02196607140626,238,284,241
"",6.02366487567432,237,285,241
"",6.02761755612277,236,286,241
"",6.03119258970992,235,287,241
"",6.03475927949545,235,286,242
"",6.04752479883974,234,287,242
"",6.06909282840026,233,288,242
"",6.0779404470724,232,289,242
"",6.07818894244379,232,288,243
"",6.08203725213,231,289,243
"",6.08257839244333,231,288,244
"",6.08780549276127,230,289,244
"",6.09064925760787,229,290,244
"",6.10021799741718,228,291,244
"",6.10071410288407,227,292,244
"",6.10658724594991,226,293,244
"",6.10754451107927,225,294,244
"",6.11253160633687,224,295,244
"",6.11512276376519,223,296,244
"",6.12259523201621,222,297,244
"",6.12448150450429,221,298,244
"",6.12531973241059,220,299,244
"",6.12921231735244,219,300,244
"",6.13108763533289,218,301,244
"",6.13526172126851,217,302,244
"",6.14014136118335,217,301,245
"",6.14983449062799,216,302,245
"",6.15173582340746,215,303,245
"",6.15749350666454,214,304,245
"",6.15822532389999,213,305,245
"",6.16845966046497,212,306,245
"",6.17234290778387,212,305,246
"",6.18620320481684,211,306,246
"",6.18922602921999,211,305,247
"",6.18933330988598,211,304,248
"",6.19041011711495,210,305,248
"",6.19135698583364,210,304,249
"",6.19310976473528,210,303,250
"",6.19382565812157,210,302,251
"",6.19828787968994,209,303,251
"",6.20605447276313,209,302,252
"",6.20932027003155,209,301,253
"",6.21225550267096,208,302,253
"",6.21414758979109,208,301,254
"",6.215024520614,208,300,255
"",6.22468590645698,207,301,255
"",6.22698423551922,207,300,256
"",6.22788452376976,207,299,257
"",6.23039118810043,206,300,257
"",6.23225446521561,206,299,258
"",6.23425224913705,205,300,258
"",6.23828124739891,204,301,258
"",6.24326482712804,203,302,258
"",6.24571389178394,203,301,259
"",6.24832283202527,202,302,259
"",6.24931346726412,201,303,259
"",6.250849685037,201,302,260
"",6.25952929552001,200,303,260
"",6.26702554014248,200,302,261
"",6.26929745363228,200,301,262
"",6.27200609583213,200,300,263
"",6.27722295299519,200,299,264
"",6.28193547980135,199,300,264
"",6.28580195623745,199,299,265
"",6.28705507932569,198,300,265
"",6.28900492881478,197,301,265
"",6.29563093753045,197,300,266
"",6.29843161806263,197,299,267
"",6.29971995570624,196,300,267
"",6.30308814071522,196,299,268
"",6.3059926308254,196,298,269
"",6.30735270655126,195,299,269
"",6.3097772239738,194,300,269
"",6.31042769893526,194,299,270
"",6.32072162029256,194,298,271
"",6.32552585179546,193,299,271
"",6.33151518074847,192,300,271
"",6.33524683482022,191,301,271
"",6.33958292520061,190,302,271
"",6.34199786314661,190,301,272
"",6.34981823784558,189,302,272
"",6.36229359278442,188,303,272
"",6.36305777544577,188,302,273
"",6.36607376040508,187,303,273
"",6.37259985036445,186,304,273
"",6.37443459758041,186,303,274
"",6.3744399583034,186,302,275
"",6.37569380209516,186,301,276
"",6.37903509266922,186,300,277
"",6.38406086089234,186,299,278
"",6.38558498686344,186,298,279
"",6.38602493768897,185,299,279
"",6.38857044073185,185,298,280
"",6.39104264453272,185,297,281
"",6.39568946535912,184,298,281
"",6.397169837307,184,297,282
"",6.40382534617642,184,296,283
"",6.40568718714552,183,297,283
"",6.41299379655537,182,298,283
"",6.41354548640472,181,299,283
"",6.41433097629149,181,298,284
"",6.41772997287318,181,297,285
"",6.41841572287435,181,296,286
"",6.42350575884053,180,297,286
"",6.42609152459507,180,296,287
"",6.42916671918251,180,295,288
"",6.43742835672218,179,296,288
"",6.44874572438189,179,295,289
"",6.45524963385979,178,296,289
"",6.45895414360729,178,295,290
"",6.4661888944089,177,296,290
"",6.4698145397659,176,297,290
"",6.47403850826953,175,298,290
"",6.47617405297322,175,297,291
"",6.48396596736547,174,298,291
"",6.48453261730593,173,299,291
"",6.486166385929,172,300,291
"",6.4867968656281,171,301,291
"",6.49266320795599,171,300,292
"",6.49463450531511,170,301,292
"",6.49730947501601,169,302,292
"",6.50701241792079,168,303,292
"",6.51066492555127,168,302,293
"",6.51563649807925,168,301,294
"",6.51685722519878,167,302,294
"",6.51715114430496,166,303,294
"",6.51844245880998,166,302,295
"",6.52263357511039,166,301,296
"",6.52323285149669,166,300,297
"",6.52998880786225,166,299,298
"",6.53102892269439,165,300,298
"",6.53360724378422,165,299,299
"",6.53395425834701,164,300,299
"",6.53767581947781,163,301,299
"",6.54070975947742,163,300,300
"",6.54072937889125,163,299,301
"",6.54351795573624,163,298,302
"",6.55233253154023,162,299,302
"",6.56433765189736,162,298,303
"",6.56514307489132,161,299,303
"",6.56534861337113,161,298,304
"",6.57724057075871,160,299,304
"",6.58137064437035,160,298,305
"",6.5864727432736,160,297,306
"",6.59660206006888,159,298,306
"",6.6042013979514,159,297,307
"",6.60680558811184,158,298,307
"",6.61120848389526,158,297,308
"",6.61877902210708,158,296,309
"",6.61916051088334,158,295,310
"",6.62475496468528,157,296,310
"",6.62740596760652,156,297,310
"",6.63027412580218,155,298,310
"",6.6326663008815,155,297,311
"",6.63505016717846,155,296,312
"",6.63574283232815,155,295,313
"",6.6394396319018,155,294,314
"",6.63988687948616,154,295,314
"",6.64207872288146,154,294,315
"",6.64353654827617,153,295,315
"",6.64617331079526,153,294,316
"",6.65807894242566,153,293,317
"",6.67631731205141,152,294,317
"",6.67727050262089,152,293,318
"",6.6815051119318,152,292,319
"",6.68151629565796,151,293,319
"",6.68353695940559,151,292,320
"",6.68582147705477,150,293,320
"",6.68892733104763,150,292,321
"",6.69030510833655,149,293,321
"",6.69543319728467,148,294,321
"",6.69645698800392,147,295,321
"",6.6967894533415,147,294,322
"",6.69679024947824,147,293,323
"",6.69828679992234,147,292,324
"",6.70565790216929,146,293,324
"",6.71029951497618,145,294,324
"",6.71148767026897,145,293,325
"",6.71281191695336,144,294,325
"",6.71774679783751,143,295,325
"",6.72762569995758,143,294,326
"",6.74512968919911,143,293,327
"",6.74520464989116,143,292,328
"",6.74615270840569,143,291,329
"",6.7522500119724,143,290,330
"",6.75950037763027,143,289,331
"",6.7606001638088,143,288,332
"",6.77580337162648,142,289,332
"",6.77894569496872,142,288,333
"",6.78166732648496,142,287,334
"",6.78357574649287,141,288,334
"",6.78842967229944,141,287,335
"",6.79940793525491,141,286,336
"",6.79975891075318,141,285,337
"",6.80712656999822,141,284,338
"",6.80855975560969,141,283,339
"",6.81191746524498,141,282,340
"",6.81700318504016,140,283,340
"",6.81988450747339,139,284,340
"",6.82160412154507,138,285,340
"",6.82406496300792,137,286,340
"",6.82823754579475,136,287,340
"",6.82977072876573,136,286,341
"",6.82980979112495,136,285,342
"",6.83139657974731,136,284,343
"",6.83540892698391,136,283,344
"",6.84351657440209,135,284,344
"",6.84365212402308,135,283,345
"",6.84682504541428,134,284,345
"",6.85218867952062,134,283,346
"",6.85730238129383,133,284,346
"",6.85765171551632,133,283,347
"",6.85934793801363,133,282,348
"",6.87564176290527,133,281,349
"",6.87742840219388,132,282,349
"",6.87983852741995,131,283,349
"",6.88525976894648,131,282,350
"",6.88766419522995,131,281,351
"",6.9063818118446,130,282,351
"",6.91035273110441,130,281,352
"",6.91271724287534,130,280,353
"",6.91482178817321,130,279,354
"",6.91532271808341,130,278,355
"",6.92904574531564,130,277,356
"",6.93475994146081,130,276,357
"",6.93956493760734,130,275,358
"",6.94054672448789,130,274,359
"",6.943117480122,130,273,360
"",6.94666440162401,130,272,361
"",6.95083762455006,130,271,362
"",6.95650978091585,129,272,362
"",6.95789062705597,128,273,362
"",6.96054979322995,128,272,363
"",6.97436040862493,128,271,364
"",6.98948993483463,128,270,365
"",6.99447350171262,128,269,366
"",7.00623573728321,127,270,366
"",7.01662650970024,127,269,367
"",7.02372748219684,126,270,367
"",7.02373319073768,126,269,368
"",7.02632587444544,125,270,368
"",7.02868495548004,125,269,369
"",7.02920783432379,125,268,370
"",7.02929423431312,124,269,370
"",7.05484279359534,123,270,370
"",7.05660280193669,123,269,371
"",7.06069805615224,123,268,372
"",7.06979408138322,123,267,373
"",7.08632200590795,123,266,374
"",7.08973855614588,123,265,375
"",7.09062686275579,123,264,376
"",7.0991434400681,122,265,376
"",7.11610648195126,121,266,376
"",7.1218907905271,121,265,377
"",7.12216127193832,120,266,377
"",7.12307026034893,120,265,378
"",7.12475355529521,120,264,379
"",7.13170093378472,120,263,380
"",7.13311188437688,120,262,381
"",7.13329839102312,120,261,382
"",7.14034362298304,120,260,383
"",7.15920240762065,120,259,384
"",7.1608663876664,120,258,385
"",7.17172398700923,120,257,386
"",7.1799525770192,119,258,386
"",7.18127656098779,118,259,386
"",7.18416071811358,118,258,387
"",7.1904217012466,118,257,388
"",7.19375753025708,118,256,389
"",7.19738726911696,117,257,389
"",7.20521211948167,116,258,389
"",7.21615265391728,115,259,389
"",7.21665553318698,114,260,389
"",7.22617559767752,114,259,390
"",7.23703028826082,114,258,391
"",7.24598037564991,114,257,392
"",7.24642346578084,114,256,393
"",7.25363330862923,114,255,394
"",7.25422147109193,114,254,395
"",7.25826353369535,114,253,396
"",7.27158289945686,114,252,397
"",7.28178619057739,114,251,398
"",7.29033283958274,114,250,399
"",7.31445315696447,113,251,399
"",7.31754822691737,113,250,400
"",7.31780369310797,113,249,401
"",7.3223151447954,113,248,402
"",7.32418828407896,113,247,403
"",7.32607485222101,113,246,404
"",7.32678342455215,113,245,405
"",7.33936446723631,113,244,406
"",7.34706982057306,113,243,407
"",7.34855231747728,112,244,407
"",7.35142260833807,111,245,407
"",7.35194303776238,111,244,408
"",7.353914012556,111,243,409
"",7.36212501729553,111,242,410
"",7.36532754879009,111,241,411
"",7.38579485154337,110,242,411
"",7.39154946927517,109,243,411
"",7.39198927206027,108,244,411
"",7.40287668953231,108,243,412
"",7.40306089686949,107,244,412
"",7.40309558585147,107,243,413
"",7.41130557045789,106,244,413
"",7.41584564537789,105,245,413
"",7.42265930164354,104,246,413
"",7.44396751086833,104,245,414
"",7.44564385162039,103,246,414
"",7.45038264987253,103,245,415
"",7.46586290814059,102,246,415
"",7.47641717830515,101,247,415
"",7.48277196069794,101,246,416
"",7.48501188622995,100,247,416
"",7.49369410153986,99,248,416
"",7.49679203141596,98,249,416
"",7.5057311213616,98,248,417
"",7.50972087857361,98,247,418
"",7.512224445691,98,246,419
"",7.52214056659455,97,247,419
"",7.52543471812892,97,246,420
"",7.52731043965011,97,245,421
"",7.52832877326843,97,244,422
"",7.53488473620259,97,243,423
"",7.53713599134816,96,244,423
"",7.53725697219361,96,243,424
"",7.54838098637571,96,242,425
"",7.55279394265324,95,243,425
"",7.55642493383566,95,242,426
"",7.5606506433793,95,241,427
"",7.56390002113451,95,240,428
"",7.56831616020775,94,241,428
"",7.57026118131915,94,240,429
"",7.5751332015223,94,239,430
"",7.58316083751103,94,238,431
"",7.58853158176518,94,237,432
"",7.59066386700196,93,238,432
"",7.59753997885138,93,237,433
"",7.60002971810564,92,238,433
"",7.60031707690087,92,237,434
"",7.60043438847555,91,238,434
"",7.60869845020472,91,237,435
"",7.61132699707438,91,236,436
"",7.6153241204128,91,235,437
"",7.61724530681652,90,236,437
"",7.64763613025312,90,235,438
"",7.65568868154341,90,234,439
"",7.65786213740251,90,233,440
"",7.66178817813321,90,232,441
"",7.6618649555353,89,233,441
"",7.6622043230416,89,232,442
"",7.69306623162821,89,231,443
"",7.70425906290713,89,230,444
"",7.71891007888572,89,229,445
"",7.728135619921,89,228,446
"",7.73610362438898,89,227,447
"",7.73860280506907,89,226,448
"",7.73966943311687,89,225,449
"",7.767573137373,89,224,450
"",7.76984425517559,89,223,451
"",7.77110123931073,89,222,452
"",7.77114262197178,89,221,453
"",7.77225685364234,89,220,454
"",7.77445125469728,88,221,454
"",7.77953565509357,87,222,454
"",7.78050811230901,87,221,455
"",7.78188903016128,87,220,456
"",7.79512458329763,87,219,457
"",7.7978700812744,86,220,457
"",7.81287655531118,86,219,458
"",7.82791600264847,85,220,458
"",7.82818966902424,85,219,459
"",7.8320422202935,84,220,459
"",7.8350273353438,83,221,459
"",7.85332021050345,82,222,459
"",7.86149296034367,82,221,460
"",7.87183172519822,81,222,460
"",7.89858152095888,81,221,461
"",7.89959681723247,81,220,462
"",7.90293356227351,81,219,463
"",7.90640127113395,81,218,464
"",7.92476000608803,81,217,465
"",7.93969964871236,80,218,465
"",7.94162016720699,80,217,466
"",7.94406660322871,80,216,467
"",7.94727821409278,80,215,468
"",7.96044654795618,79,216,468
"",7.97770593032361,79,215,469
"",7.97784926061981,79,214,470
"",7.97817619423804,79,213,471
"",7.98437920557183,79,212,472
"",7.98710148820723,79,211,473
"",7.99796767767719,78,212,473
"",8.01638091446218,78,211,474
"",8.02128737369682,78,210,475
"",8.02284434861461,77,211,475
"",8.03889880889636,76,212,475
"",8.04226270062347,76,211,476
"",8.04597334195751,76,210,477
"",8.04777894523786,75,211,477
"",8.05393170610276,75,210,478
"",8.06648547318448,75,209,479
"",8.08537333785136,75,208,480
"",8.09078543085849,74,209,480
"",8.09342256325537,74,208,481
"",8.10364792031445,74,207,482
"",8.10726485381978,74,206,483
"",8.1194812739183,74,205,484
"",8.15957794563031,73,206,484
"",8.16162398392303,73,205,485
"",8.16311042093859,73,204,486
"",8.17724632573176,73,203,487
"",8.18057685700734,73,202,488
"",8.1851777195134,73,201,489
"",8.21626992175406,72,202,489
"",8.2164323690833,72,201,490
"",8.22094890379091,72,200,491
"",8.22674958192333,72,199,492
"",8.24258425159566,72,198,493
"",8.24892630510561,71,199,493
"",8.26169463261725,71,198,494
"",8.27937120707057,70,199,494
"",8.28252832550814,70,198,495
"",8.30768165529629,70,197,496
"",8.31153723562527,69,198,496
"",8.31791077994834,69,197,497
"",8.3180632722441,69,196,498
"",8.32074043243719,69,195,499
"",8.32470955756907,69,194,500
"",8.3253668767295,69,193,501
"",8.32722635210499,69,192,502
"",8.33163888056431,69,191,503
"",8.33782905908261,68,192,503
"",8.34936428878452,68,191,504
"",8.35308966579842,67,192,504
"",8.35816031508706,67,191,505
"",8.36254994285992,67,190,506
"",8.3718195633507,66,191,506
"",8.3718446937217,66,190,507
"",8.38298821161212,66,189,508
"",8.39288815888657,66,188,509
"",8.39664098694151,66,187,510
"",8.4260342029274,66,186,511
"",8.42835469207903,66,185,512
"",8.43192502994897,66,184,513
"",8.43893975059624,66,183,514
"",8.43978541169481,66,182,515
"",8.4407597488721,66,181,516
"",8.44584269413135,66,180,517
"",8.45051916409133,66,179,518
"",8.47078875084989,66,178,519
"",8.49424556967726,65,179,519
"",8.50113109194672,65,178,520
"",8.50132418971172,64,179,520
"",8.50148237407371,64,178,521
"",8.51530953584663,64,177,522
"",8.52376964474146,64,176,523
"",8.52926306399828,64,175,524
"",8.5487612791274,64,174,525
"",8.55387384870884,63,175,525
"",8.55723535612817,62,176,525
"",8.56606294234612,61,177,525
"",8.56870632310537,60,178,525
"",8.65209018981365,60,177,526
"",8.65484007762026,60,176,527
"",8.65852494233403,60,175,528
"",8.65949132791635,60,174,529
"",8.66602753146749,60,173,530
"",8.69401110977114,59,174,530
"",8.70972764604527,59,173,531
"",8.72308207756747,58,174,531
"",8.73544448774993,58,173,532
"",8.74335499000779,58,172,533
"",8.74562218428835,58,171,534
"",8.75338993771516,58,170,535
"",8.76542029627734,58,169,536
"",8.78122479542671,58,168,537
"",8.78723826710922,58,167,538
"",8.78740722579969,58,166,539
"",8.80170143020059,58,165,540
"",8.8158298332896,58,164,541
"",8.82475698594171,58,163,542
"",8.83054296770464,58,162,543
"",8.87055623522736,58,161,544
"",8.90147392095956,58,160,545
"",8.91668087471282,58,159,546
"",8.9318054059855,58,158,547
"",8.93565745530894,58,157,548
"",8.93578329361096,58,156,549
"",8.93745853537422,58,155,550
"",8.94650935466042,58,154,551
"",8.95309134289317,58,153,552
"",8.95806525343239,58,152,553
"",8.9682149064621,58,151,554
"",8.97487307078639,58,150,555
"",8.98176140822305,58,149,556
"",8.98217336124112,58,148,557
"",8.9855004376663,57,149,557
"",8.98723082903332,57,148,558
"",8.98991876560476,57,147,559
"",9.00023294650865,57,146,560
"",9.01572858122544,57,145,561
"",9.03082748958645,57,144,562
"",9.03411070757372,57,143,563
"",9.03954981084728,57,142,564
"",9.04760821098628,57,141,565
"",9.05309766998679,57,140,566
"",9.06505255012741,57,139,567
"",9.07160519480403,57,138,568
"",9.08212858525381,56,139,568
"",9.08810546070602,56,138,569
"",9.10626487390298,56,137,570
"",9.12167351484505,55,138,570
"",9.12642920613192,54,139,570
"",9.13539594474683,54,138,571
"",9.15513845273354,54,137,572
"",9.15878577732866,54,136,573
"",9.16061989109811,53,137,573
"",9.16797642238489,53,136,574
"",9.17218395356147,53,135,575
"",9.18549278194297,53,134,576
"",9.18790767485249,53,133,577
"",9.22140615376265,53,132,578
"",9.22326424555846,52,133,578
"",9.25184187912195,52,132,579
"",9.25615636030549,52,131,580
"",9.27099018612919,52,130,581
"",9.27632479056011,52,129,582
"",9.31410488791072,52,128,583
"",9.31805854457593,52,127,584
"",9.33938942520765,52,126,585
"",9.34559526694285,52,125,586
"",9.34778944157377,52,124,587
"",9.36422221557057,52,123,588
"",9.36584598284033,52,122,589
"",9.36870071411261,52,121,590
"",9.37149384552371,52,120,591
"",9.3832295620899,52,119,592
"",9.3888391194976,52,118,593
"",9.42293142794948,52,117,594
"",9.44902165527241,52,116,595
"",9.44975347902093,52,115,596
"",9.45332144853721,52,114,597
"",9.47289545332524,52,113,598
"",9.49215812911922,51,114,598
"",9.49282988142143,51,113,599
"",9.52097524651439,51,112,600
"",9.5258872545769,50,113,600
"",9.53693315470954,50,112,601
"",9.54797215751563,50,111,602
"",9.56210388115323,49,112,602
"",9.57234520126439,49,111,603
"",9.57919437577737,49,110,604
"",9.59181571597652,49,109,605
"",9.60302786824673,49,108,606
"",9.60310289035933,49,107,607
"",9.62433739126226,49,106,608
"",9.63851349107876,49,105,609
"",9.64374069162951,49,104,610
"",9.64600333978676,49,103,611
"",9.65873710166663,49,102,612
"",9.68207336681503,49,101,613
"",9.70326981637276,49,100,614
"",9.70807157308658,49,99,615
"",9.71898105983345,48,100,615
"",9.76203458950704,48,99,616
"",9.77294591670224,48,98,617
"",9.82883670741898,48,97,618
"",9.86031612437629,48,96,619
"",9.91138038457312,48,95,620
"",9.93583580636435,48,94,621
"",9.93792193812188,47,95,621
"",9.9490894895098,47,94,622
"",9.95332152751701,47,93,623
"",9.95407481075343,47,92,624
"",9.98777115182422,47,91,625
"",10.0089609992872,47,90,626
"",10.0096891221676,47,89,627
"",10.0373018002852,47,88,628
"",10.0453168679972,47,87,629
"",10.0495088581582,47,86,630
"",10.0641499074003,46,87,630
"",10.0776694726629,46,86,631
"",10.0938560355795,45,87,631
"",10.1005097706792,45,86,632
"",10.1149648472009,45,85,633
"",10.129054657294,45,84,634
"",10.1555461438725,45,83,635
"",10.1604032203136,45,82,636
"",10.2038716177817,44,83,636
"",10.2074734130341,44,82,637
"",10.2342299052366,44,81,638
"",10.2707442964909,44,80,639
"",10.2723139884014,44,79,640
"",10.2953628030175,44,78,641
"",10.3263141604622,44,77,642
"",10.3291365327901,44,76,643
"",10.3379044561977,44,75,644
"",10.3385773875479,44,74,645
"",10.3543682840678,43,75,645
"",10.3801905077815,43,74,646
"",10.4149039653941,43,73,647
"",10.4289028161676,42,74,647
"",10.4395768170041,42,73,648
"",10.4474286046817,42,72,649
"",10.4546952396106,42,71,650
"",10.4604305356141,42,70,651
"",10.5694520013696,41,71,651
"",10.6775888177424,41,70,652
"",10.6791878524553,40,71,652
"",10.7209669555664,40,70,653
"",10.7582719990169,40,69,654
"",10.7680652487565,40,68,655
"",10.7745876351226,40,67,656
"",10.7978510962769,40,66,657
"",10.8260944783967,40,65,658
"",10.8449368634666,39,66,658
"",10.8513108475815,39,65,659
"",10.8547804436879,38,66,659
"",10.8618977092153,37,67,659
"",10.8684013218662,36,68,659
"",10.8746763198712,35,69,659
"",10.9109818809724,35,68,660
"",10.9457669190977,35,67,661
"",10.9560226014168,35,66,662
"",10.9674574311469,35,65,663
"",11.0075440851487,34,66,663
"",11.0140029685811,34,65,664
"",11.0363424428509,34,64,665
"",11.049432347076,34,63,666
"",11.057311462153,34,62,667
"",11.0959573809157,34,61,668
"",11.1258380302408,34,60,669
"",11.1489893978381,34,59,670
"",11.2060444506617,34,58,671
"",11.2252012898844,34,57,672
"",11.3277335690599,34,56,673
"",11.3713679615323,34,55,674
"",11.392122695823,34,54,675
"",11.396868989322,34,53,676
"",11.4183976471301,34,52,677
"",11.4386956859469,33,53,677
"",11.4531848805505,33,52,678
"",11.4547123234492,32,53,678
"",11.534419089789,32,52,679
"",11.5790929747113,31,53,679
"",11.5863713599575,30,54,679
"",11.5879058872718,30,53,680
"",11.5905029849851,30,52,681
"",11.617641910879,30,51,682
"",11.6342200150567,29,52,682
"",11.6354191744617,29,51,683
"",11.6557534114872,29,50,684
"",11.6824178909621,29,49,685
"",11.6916590217144,29,48,686
"",11.6983353622762,28,49,686
"",11.7345903466222,28,48,687
"",11.7823409712114,28,47,688
"",11.8938422038321,28,46,689
"",11.9146435299147,28,45,690
"",11.9530078262063,28,44,691
"",12.0288797364004,28,43,692
"",12.063197472133,28,42,693
"",12.1080906639795,28,41,694
"",12.1988344136582,28,40,695
"",12.2051651221613,28,39,696
"",12.2313667321831,28,38,697
"",12.2751306753809,28,37,698
"",12.2871075239748,28,36,699
"",12.5193695574154,28,35,700
"",12.5615184841374,28,34,701
"",12.6000901076638,28,33,702
"",12.6169906238575,28,32,703
"",12.6204987883556,28,31,704
"",12.6254780673771,28,30,705
"",12.643309708166,28,29,706
"",12.8009145438022,28,28,707
"",12.8205472748881,28,27,708
"",12.8779069488549,28,26,709
"",12.9835974670162,28,25,710
"",13.2674178181293,28,24,711
"",13.387236535388,28,23,712
"",13.4043884708879,28,22,713
"",13.43129732084,28,21,714
"",13.433232624821,28,20,715
"",13.5077607037356,28,19,716
"",13.6403139716573,28,18,717
"",13.7192772874599,28,17,718
"",13.9866239757396,28,16,719
"",14.0206067057383,28,15,720
"",14.1397597263414,28,14,721
"",14.2286315079362,28,13,722
"",14.2979298979685,28,12,723
"",14.8043201671536,28,11,724
"",15.5108059467206,28,10,725
"",15.54799293658,28,9,726
"",15.6359582864728,28,8,727
"",15.73338959464,28,7,728
"",16.086229257512,28,6,729
"",16.1467173112627,28,5,730
"",16.3468317168956,28,4,731
"",16.5631993668528,28,3,732
"",16.8481227065871,28,2,733
"",17.6367854065892,28,1,734
